		
		/* Base de datos Suministros.*/
		
		CREATE DATABASE SUMINISTROS;
		USE SUMINISTROS;
		
		/*Tablas.*/

		CREATE TABLE PROVEEDORES
		(CODPRO VARCHAR(2) PRIMARY KEY,
		NOMBRE VARCHAR(10) NULL,
		CATEGORIA INT NULL CHECK (CATEGORIA>=0),
		CIUDAD VARCHAR(10) NULL);

		CREATE TABLE COMPONENTES
		(CODCO VARCHAR(2) PRIMARY KEY,
		NOMBRE VARCHAR(3) NULL,
		COLOR VARCHAR(10) NULL,
		PESO INT NULL CHECK (PESO>=0),
		CIUDAD VARCHAR(10) NULL,
		FECHA DATE NULL);

		CREATE TABLE ARTICULOS
		(CODAR VARCHAR(2) PRIMARY KEY,
		NOMBRE VARCHAR(15) NULL,
		CIUDAD VARCHAR(10) NULL,
		FECHA DATE NULL);

		CREATE TABLE ENVIOS
		(CODPRO VARCHAR(2) NOT NULL,
		CODCO VARCHAR(2) NOT NULL,
		CODAR VARCHAR(2) NOT NULL,
		CANTIDAD INT NOT NULL CHECK (CANTIDAD>=0),
		FOREIGN KEY (CODPRO) REFERENCES PROVEEDORES (CODPRO)
		ON UPDATE CASCADE ON DELETE CASCADE,
		FOREIGN KEY (CODCO) REFERENCES COMPONENTES (CODCO)
		ON UPDATE CASCADE ON DELETE CASCADE,
		FOREIGN KEY (CODAR)REFERENCES ARTICULOS (CODAR)
		ON UPDATE CASCADE ON DELETE CASCADE);
		
		/* Datos.*/
		
		INSERT INTO PROVEEDORES (CODPRO, NOMBRE, CATEGORIA, CIUDAD)
		VALUES ('P1', 'CARLOS', 20, 'SEVILLA');
		INSERT INTO PROVEEDORES (CODPRO, NOMBRE, CATEGORIA, CIUDAD)
		VALUES ('P2', 'JUAN', 10, 'MADRID');
		INSERT INTO PROVEEDORES (CODPRO, NOMBRE, CATEGORIA, CIUDAD)
		VALUES ('P3', 'JOSE', 30, 'SEVILLA');
		INSERT INTO PROVEEDORES (CODPRO, NOMBRE, CATEGORIA, CIUDAD)
		VALUES ('P4', 'INMA', 20, 'SEVILLA');
		INSERT INTO PROVEEDORES (CODPRO, NOMBRE, CATEGORIA, CIUDAD)
		VALUES ('P5', 'EVA', 30, 'CACERES');

		INSERT INTO COMPONENTES (CODCO, NOMBRE, COLOR, PESO, CIUDAD, FECHA)
		VALUES ('C1', 'X3A', 'ROJO', 12, 'SEVILLA', '2018-7-9');
		INSERT INTO COMPONENTES (CODCO, NOMBRE, COLOR, PESO, CIUDAD, FECHA)
		VALUES ('C2', 'B85', 'VERDE', 17, 'MADRID', '2019-5-8');
		INSERT INTO COMPONENTES (CODCO, NOMBRE, COLOR, PESO, CIUDAD, FECHA)
		VALUES ('C3', 'C4B', 'AZUL', 17, 'MALAGA', '2018-4-5');
		INSERT INTO COMPONENTES (CODCO, NOMBRE, COLOR, PESO, CIUDAD, FECHA)
		VALUES ('C4', 'C4B', 'ROJO', 14, 'SEVILLA', '2019-2-6');
		INSERT INTO COMPONENTES (CODCO, NOMBRE, COLOR, PESO, CIUDAD, FECHA)
		VALUES ('C5', 'VT8', 'AZUL', 12, 'MADRID', '2019-2-6');
		INSERT INTO COMPONENTES (CODCO, NOMBRE, COLOR, PESO, CIUDAD, FECHA)
		VALUES ('C6', 'C30', 'ROJO', 19, 'SEVILLA', '2019-5-8');

		INSERT INTO ARTICULOS (CODAR, NOMBRE, CIUDAD, FECHA)
		VALUES ('A1', 'CLASIFICADORA', 'MADRID', '2019-12-8');
		INSERT INTO ARTICULOS (CODAR, NOMBRE, CIUDAD, FECHA)
		VALUES ('A2', 'PERFORADORA', 'MALAGA', '2018-4-5');
		INSERT INTO ARTICULOS (CODAR, NOMBRE, CIUDAD, FECHA)
		VALUES ('A3', 'LECTORA', 'CACERES', '2019-12-8');
		INSERT INTO ARTICULOS (CODAR, NOMBRE, CIUDAD, FECHA)
		VALUES ('A4', 'CONSOLA', 'CACERES', '2018-7-6');
		INSERT INTO ARTICULOS (CODAR, NOMBRE, CIUDAD, FECHA)
		VALUES ('A5', 'MEZCLADORA', 'SEVILLA', '2018-7-9');
		INSERT INTO ARTICULOS (CODAR, NOMBRE, CIUDAD, FECHA)
		VALUES ('A6', 'TERMINAL', 'BARCELONA', '2018-7-6');
		INSERT INTO ARTICULOS (CODAR, NOMBRE, CIUDAD, FECHA)
		VALUES ('A7', 'CINTA', 'SEVILLA', '2018-4-5');

		INSERT INTO ENVIOS (CODPRO, CODCO, CODAR, CANTIDAD)
		VALUES ('P1', 'C1', 'A1', '200');
		INSERT INTO ENVIOS (CODPRO, CODCO, CODAR, CANTIDAD)
		VALUES ('P1', 'C1', 'A4', '700');
		INSERT INTO ENVIOS (CODPRO, CODCO, CODAR, CANTIDAD)
		VALUES ('P2', 'C3', 'A1', '400');
		INSERT INTO ENVIOS (CODPRO, CODCO, CODAR, CANTIDAD)
		VALUES ('P2', 'C3', 'A2', '200');
		INSERT INTO ENVIOS (CODPRO, CODCO, CODAR, CANTIDAD)
		VALUES ('P2', 'C3', 'A3', '200');
		INSERT INTO ENVIOS (CODPRO, CODCO, CODAR, CANTIDAD)
		VALUES ('P2', 'C3', 'A4', '500');
		INSERT INTO ENVIOS (CODPRO, CODCO, CODAR, CANTIDAD)
		VALUES ('P2', 'C3', 'A5', '600');
		INSERT INTO ENVIOS (CODPRO, CODCO, CODAR, CANTIDAD)
		VALUES ('P2', 'C3', 'A6', '400');
		INSERT INTO ENVIOS (CODPRO, CODCO, CODAR, CANTIDAD)
		VALUES ('P2', 'C3', 'A7', '800');
		INSERT INTO ENVIOS (CODPRO, CODCO, CODAR, CANTIDAD)
		VALUES ('P2', 'C5', 'A2', '100');
		INSERT INTO ENVIOS (CODPRO, CODCO, CODAR, CANTIDAD)
		VALUES ('P3', 'C3', 'A1', '200');
		INSERT INTO ENVIOS (CODPRO, CODCO, CODAR, CANTIDAD)
		VALUES ('P3', 'C4', 'A2', '500');
		INSERT INTO ENVIOS (CODPRO, CODCO, CODAR, CANTIDAD)
		VALUES ('P4', 'C6', 'A3', '300');
		INSERT INTO ENVIOS (CODPRO, CODCO, CODAR, CANTIDAD)
		VALUES ('P4', 'C6', 'A7', '300');
		INSERT INTO ENVIOS (CODPRO, CODCO, CODAR, CANTIDAD)
		VALUES ('P5', 'C2', 'A1', '200');
		INSERT INTO ENVIOS (CODPRO, CODCO, CODAR, CANTIDAD)
		VALUES ('P5', 'C2', 'A4', '100');
		INSERT INTO ENVIOS (CODPRO, CODCO, CODAR, CANTIDAD)
		VALUES ('P5', 'C5', 'A4', '500');
		INSERT INTO ENVIOS (CODPRO, CODCO, CODAR, CANTIDAD)
		VALUES ('P5', 'C5', 'A7', '100');
		INSERT INTO ENVIOS (CODPRO, CODCO, CODAR, CANTIDAD)
		VALUES ('P5', 'C6', 'A2', '200');
		INSERT INTO ENVIOS (CODPRO, CODCO, CODAR, CANTIDAD)
		VALUES ('P5', 'C1', 'A4', '100');
		INSERT INTO ENVIOS (CODPRO, CODCO, CODAR, CANTIDAD)
		VALUES ('P5', 'C3', 'A4', '200');
		INSERT INTO ENVIOS (CODPRO, CODCO, CODAR, CANTIDAD)
		VALUES ('P5', 'C4', 'A4', '800');
		INSERT INTO ENVIOS (CODPRO, CODCO, CODAR, CANTIDAD)
		VALUES ('P5', 'C5', 'A5', '400');
		INSERT INTO ENVIOS (CODPRO, CODCO, CODAR, CANTIDAD)
		VALUES ('P5', 'C6', 'A4', '500');